prompt,response
What are the benefits of regular exercise?,"Exercise helps improve cardiovascular health, boosts mood, and enhances overall well-being."
How many glasses of water should you drink per day?,The general recommendation is to drink at least eight 8-ounce glasses of water per day.
What is a balanced diet?,"A balanced diet includes a variety of foods from all food groups, providing essential nutrients for overall health."
What are the health benefits of eating fruits and vegetables?,"Fruits and vegetables are rich in vitamins, minerals, and antioxidants, promoting good health and reducing the risk of chronic diseases."
How much sleep is recommended for adults?,Adults should aim for 7-9 hours of sleep per night for optimal health.
What is the importance of stress management?,Effective stress management is crucial for mental and physical well-being. It can help prevent various health issues.
What are the sources of omega-3 fatty acids?,"Fatty fish (like salmon and mackerel), flaxseeds, chia seeds, and walnuts are good sources of omega-3 fatty acids."
Why is breakfast considered the most important meal of the day?,Breakfast provides essential nutrients and energy to kickstart the day and support overall health.
What are the health risks of a sedentary lifestyle?,"Sedentary behavior is associated with an increased risk of obesity, heart disease, diabetes, and other health issues."
What is the role of fiber in the diet?,"Dietary fiber promotes digestive health, helps maintain a healthy weight, and may lower the risk of certain diseases."
What are the benefits of regular stretching exercises?,"Regular stretching improves flexibility, reduces muscle tension, and may help prevent injuries."
How can you boost your immune system naturally?,"Eating a balanced diet, getting enough sleep, and managing stress can help support a healthy immune system."
What is the recommended daily intake of fruits and vegetables?,Aim for at least 5 servings of fruits and vegetables per day to meet dietary recommendations.
How does dehydration affect the body?,"Dehydration can lead to fatigue, dizziness, and impaired cognitive function. It's important to stay hydrated by drinking an adequate amount of water."
What is the role of vitamin D in the body?,"Vitamin D is important for bone health, immune function, and overall well-being. Sunlight is a natural source of vitamin D."
How can you improve posture while sitting for long hours?,"Sit with your back straight, shoulders relaxed, and feet flat on the floor. Take breaks to stand and stretch."
What is the impact of a high-sugar diet on health?,"High sugar intake is associated with an increased risk of obesity, type 2 diabetes, and dental problems."
"What are superfoods, and how can they benefit your health?","Superfoods are nutrient-dense foods that offer health benefits. Examples include berries, kale, and quinoa."
How can you practice mindfulness in daily life?,"Mindfulness involves being present in the moment, paying attention to thoughts and feelings without judgment. Practices include meditation and deep breathing."
What is the importance of getting enough calcium in the diet?,"Calcium is essential for bone health, muscle function, and nerve transmission. Dairy products, leafy greens, and fortified foods are good sources."
How does physical activity contribute to mental health?,"Regular exercise releases endorphins, reduces stress, and improves mood. It can be beneficial for managing anxiety and depression."
What are the health benefits of green tea?,"Green tea is rich in antioxidants and may have potential benefits for heart health, weight management, and brain function."
How can you create a healthy sleep environment?,"Create a dark, quiet, and cool sleep environment. Limit screen time before bedtime and establish a consistent sleep schedule."
What is the role of carbohydrates in the diet?,"Carbohydrates are a primary source of energy for the body. Choose whole grains, fruits, and vegetables for complex carbohydrates."
How can you maintain a healthy work-life balance?,"Set boundaries, prioritize self-care, and schedule time for activities you enjoy outside of work."
What are the benefits of practicing gratitude?,"Practicing gratitude can improve mental well-being, enhance relationships, and contribute to a positive outlook on life."
How can you prevent foodborne illnesses at home?,"Practice proper food handling, cooking, and storage. Wash hands and surfaces regularly to reduce the risk of foodborne pathogens."
What are the advantages of home-cooked meals over fast food?,"Home-cooked meals allow for better control over ingredients, portion sizes, and nutritional content. They promote healthier eating habits."
How can you incorporate mindfulness into eating habits?,"Eat slowly, savor each bite, and pay attention to the sensory experience of food. Avoid distractions while eating."
What are the health benefits of laughter?,"Laughter can reduce stress, improve cardiovascular health, and boost the immune system. It also promotes a sense of well-being."
What is the significance of vitamin C in the diet?,"Vitamin C is important for immune function, collagen synthesis, and antioxidant protection. Citrus fruits, strawberries, and bell peppers are good sources."
How can you maintain healthy skin?,"Protect your skin from sun exposure, stay hydrated, cleanse regularly, and use moisturizers. A balanced diet with essential nutrients also contributes to skin health."
What are the benefits of deep breathing exercises?,"Deep breathing exercises can promote relaxation, reduce stress, and improve respiratory function. They are commonly used in mindfulness and meditation practices."
How can you create a sustainable and environmentally friendly lifestyle?,"Reduce waste, use reusable items, conserve energy, and choose eco-friendly products to minimize your environmental impact."
What are the health benefits of maintaining social connections?,"Social connections contribute to mental and emotional well-being, reduce feelings of loneliness, and may even have positive effects on physical health."
How can you promote cardiovascular health through diet?,"Include heart-healthy foods like fatty fish, nuts, whole grains, and fruits and vegetables. Limit saturated and trans fats."
What are the potential health risks of excessive caffeine consumption?,"Excessive caffeine intake can lead to insomnia, increased heart rate, digestive issues, and may negatively impact mental health. Moderation is key."
How can you improve flexibility through stretching exercises?,"Incorporate dynamic and static stretches into your routine. Stretch major muscle groups, hold each stretch for at least 15-30 seconds, and repeat."
What is the role of antioxidants in the diet?,"Antioxidants help protect cells from oxidative stress and inflammation. They are found in a variety of foods, including berries, nuts, and vegetables."
How does hydration impact exercise performance?,"Proper hydration is essential for optimal exercise performance. Dehydration can lead to fatigue, cramps, and reduced endurance."
What is the importance of setting realistic fitness goals?,"Setting realistic fitness goals increases motivation, provides direction, and allows for measurable progress. It contributes to a sustainable and positive fitness journey."
How can you improve posture while standing?,"Stand with feet shoulder-width apart, shoulders back, and chin level. Distribute weight evenly on both feet, engage core muscles, and avoid locking knees."